{
  "version": 1,
  "author": "Anonymous maker",
  "editor": "wokwi",
  "parts": [
    {
      "type": "wokwi-breadboard",
      "id": "bb1",
      "top": 264.2,
      "left": -668,
      "rotate": 90,
      "attrs": { "color": "#eeefed" }
    },
    {
      "type": "board-esp32-s3-devkitc-1",
      "id": "esp",
      "top": 38.22,
      "left": -389.03,
      "attrs": {}
    },
    {
      "type": "wokwi-led",
      "id": "led1",
      "top": 344.4,
      "left": -358.2,
      "rotate": 90,
      "attrs": { "color": "red" }
    },
    {
      "type": "wokwi-led",
      "id": "led2",
      "top": 536.4,
      "left": -358.2,
      "rotate": 90,
      "attrs": { "color": "green" }
    },
    {
      "type": "wokwi-led",
      "id": "led3",
      "top": 459.6,
      "left": -358.2,
      "rotate": 90,
      "attrs": { "color": "yellow" }
    },
    {
      "type": "wokwi-led",
      "id": "led4",
      "top": 632.4,
      "left": -358.2,
      "rotate": 90,
      "attrs": { "color": "blue" }
    },
    {
      "type": "wokwi-pushbutton",
      "id": "btn1",
      "top": 303.8,
      "left": -374.4,
      "attrs": { "color": "red", "xray": "1" }
    },
    {
      "type": "wokwi-pushbutton",
      "id": "btn2",
      "top": 390.2,
      "left": -374.4,
      "attrs": { "color": "yellow", "xray": "1" }
    },
    {
      "type": "wokwi-pushbutton",
      "id": "btn3",
      "top": 495.8,
      "left": -374.4,
      "attrs": { "color": "green", "xray": "1" }
    },
    {
      "type": "wokwi-pushbutton",
      "id": "btn4",
      "top": 591.8,
      "left": -374.4,
      "attrs": { "color": "blue", "xray": "1" }
    },
    {
      "type": "wokwi-resistor",
      "id": "r4",
      "top": 618.65,
      "left": -529.4,
      "rotate": 180,
      "attrs": { "value": "1000" }
    },
    {
      "type": "wokwi-resistor",
      "id": "r1",
      "top": 522.65,
      "left": -529.4,
      "rotate": 180,
      "attrs": { "value": "1000" }
    },
    {
      "type": "wokwi-resistor",
      "id": "r2",
      "top": 417.05,
      "left": -529.4,
      "rotate": 180,
      "attrs": { "value": "1000" }
    },
    {
      "type": "wokwi-resistor",
      "id": "r3",
      "top": 321.05,
      "left": -529.4,
      "rotate": 180,
      "attrs": { "value": "1000" }
    },
    {
      "type": "wokwi-resistor",
      "id": "r5",
      "top": 359.15,
      "left": -422.4,
      "attrs": { "value": "1000" }
    },
    {
      "type": "wokwi-resistor",
      "id": "r6",
      "top": 474.35,
      "left": -422.4,
      "attrs": { "value": "1000" }
    },
    {
      "type": "wokwi-resistor",
      "id": "r7",
      "top": 551.15,
      "left": -432,
      "attrs": { "value": "1000" }
    },
    {
      "type": "wokwi-resistor",
      "id": "r8",
      "top": 647.15,
      "left": -432,
      "attrs": { "value": "1000" }
    }
  ],
  "connections": [
    [ "esp:TX", "$serialMonitor:RX", "", [] ],
    [ "esp:RX", "$serialMonitor:TX", "", [] ],
    [ "bb1:1b.j", "bb1:tp.1", "magenta", [ "h192", "v20" ] ],
    [ "bb1:22b.j", "bb1:bn.17", "black", [ "h-38.4" ] ],
    [ "btn1:1.r", "bb1:tp.21", "magenta", [ "v0" ] ],
    [ "btn2:1.r", "bb1:tp.29", "magenta", [ "v0" ] ],
    [ "btn3:1.r", "bb1:tp.38", "magenta", [ "v0" ] ],
    [ "btn4:1.r", "bb1:tp.46", "magenta", [ "v0" ] ],
    [ "bb1:29b.j", "r3:2", "black", [ "h0" ] ],
    [ "r3:1", "bb1:bn.22", "black", [ "v0" ] ],
    [ "bb1:38b.j", "r2:1", "black", [ "h0" ] ],
    [ "r2:2", "bb1:bn.30", "black", [ "v0" ] ],
    [ "bb1:49b.j", "r1:1", "black", [ "h0" ] ],
    [ "r1:2", "bb1:bn.39", "black", [ "v-9.6", "h39.6", "v0.8" ] ],
    [ "bb1:59b.j", "r4:1", "black", [ "h0" ] ],
    [ "bb1:bn.47", "r4:2", "black", [ "h0" ] ],
    [ "r5:1", "bb1:bn.25", "black", [ "h-9.6", "v-8.8" ] ],
    [ "r6:1", "bb1:bn.35", "black", [ "h-9.6", "v-8.8" ] ],
    [ "r8:1", "bb1:bn.50", "black", [ "v0" ] ],
    [ "bb1:6b.j", "bb1:49b.i", "green", [ "h-153.6", "v422.4", "h163.2" ] ],
    [ "bb1:59b.i", "bb1:5b.j", "blue", [ "h-201.6", "v-518.4" ] ],
    [ "bb1:15b.j", "bb1:38b.i", "gold", [ "h-144", "v220.8" ] ],
    [ "bb1:29b.i", "bb1:16b.j", "red", [ "h-76.8", "v-124.8" ] ],
    [ "bb1:33b.g", "bb1:20t.a", "red", [ "h0" ] ],
    [ "bb1:53b.h", "bb1:18t.a", "green", [ "h211.2", "v-336" ] ],
    [ "bb1:17t.a", "bb1:63b.g", "blue", [ "h163.2", "v441.6" ] ],
    [ "bb1:45b.g", "bb1:19t.a", "gold", [ "h182.4", "v-249.6" ] ],
    [ "led1:A", "bb1:33b.f", "", [ "$bb" ] ],
    [ "led1:C", "bb1:32b.f", "", [ "$bb" ] ],
    [ "led2:A", "bb1:53b.f", "", [ "$bb" ] ],
    [ "led2:C", "bb1:52b.f", "", [ "$bb" ] ],
    [ "led3:A", "bb1:45b.f", "", [ "$bb" ] ],
    [ "led3:C", "bb1:44b.f", "", [ "$bb" ] ],
    [ "led4:A", "bb1:63b.f", "", [ "$bb" ] ],
    [ "led4:C", "bb1:62b.f", "", [ "$bb" ] ],
    [ "btn1:1.l", "bb1:27b.h", "", [ "$bb" ] ],
    [ "btn1:2.l", "bb1:29b.h", "", [ "$bb" ] ],
    [ "btn1:1.r", "bb1:27t.c", "", [ "$bb" ] ],
    [ "btn1:2.r", "bb1:29t.c", "", [ "$bb" ] ],
    [ "btn2:1.l", "bb1:36b.h", "", [ "$bb" ] ],
    [ "btn2:2.l", "bb1:38b.h", "", [ "$bb" ] ],
    [ "btn2:1.r", "bb1:36t.c", "", [ "$bb" ] ],
    [ "btn2:2.r", "bb1:38t.c", "", [ "$bb" ] ],
    [ "btn3:1.l", "bb1:47b.h", "", [ "$bb" ] ],
    [ "btn3:2.l", "bb1:49b.h", "", [ "$bb" ] ],
    [ "btn3:1.r", "bb1:47t.c", "", [ "$bb" ] ],
    [ "btn3:2.r", "bb1:49t.c", "", [ "$bb" ] ],
    [ "btn4:1.l", "bb1:57b.h", "", [ "$bb" ] ],
    [ "btn4:2.l", "bb1:59b.h", "", [ "$bb" ] ],
    [ "btn4:1.r", "bb1:57t.c", "", [ "$bb" ] ],
    [ "btn4:2.r", "bb1:59t.c", "", [ "$bb" ] ],
    [ "r5:2", "bb1:32b.g", "", [ "$bb" ] ],
    [ "r6:2", "bb1:44b.g", "", [ "$bb" ] ],
    [ "r7:1", "bb1:bn.42", "", [ "$bb" ] ],
    [ "r7:2", "bb1:52b.h", "", [ "$bb" ] ],
    [ "r8:2", "bb1:62b.h", "", [ "$bb" ] ],
    [ "esp:0", "bb1:14t.b", "", [ "$bb" ] ],
    [ "esp:1", "bb1:4t.b", "", [ "$bb" ] ],
    [ "esp:2", "bb1:5t.b", "", [ "$bb" ] ],
    [ "esp:3", "bb1:13b.i", "", [ "$bb" ] ],
    [ "esp:4", "bb1:4b.i", "", [ "$bb" ] ],
    [ "esp:5", "bb1:5b.i", "", [ "$bb" ] ],
    [ "esp:6", "bb1:6b.i", "", [ "$bb" ] ],
    [ "esp:7", "bb1:7b.i", "", [ "$bb" ] ],
    [ "esp:8", "bb1:12b.i", "", [ "$bb" ] ],
    [ "esp:9", "bb1:15b.i", "", [ "$bb" ] ],
    [ "esp:10", "bb1:16b.i", "", [ "$bb" ] ],
    [ "esp:11", "bb1:17b.i", "", [ "$bb" ] ],
    [ "esp:12", "bb1:18b.i", "", [ "$bb" ] ],
    [ "esp:13", "bb1:19b.i", "", [ "$bb" ] ],
    [ "esp:14", "bb1:20b.i", "", [ "$bb" ] ],
    [ "esp:15", "bb1:8b.i", "", [ "$bb" ] ],
    [ "esp:16", "bb1:9b.i", "", [ "$bb" ] ],
    [ "esp:17", "bb1:10b.i", "", [ "$bb" ] ],
    [ "esp:18", "bb1:11b.i", "", [ "$bb" ] ],
    [ "esp:19", "bb1:20t.b", "", [ "$bb" ] ],
    [ "esp:20", "bb1:19t.b", "", [ "$bb" ] ],
    [ "esp:21", "bb1:18t.b", "", [ "$bb" ] ],
    [ "esp:35", "bb1:13t.b", "", [ "$bb" ] ],
    [ "esp:36", "bb1:12t.b", "", [ "$bb" ] ],
    [ "esp:37", "bb1:11t.b", "", [ "$bb" ] ],
    [ "esp:38", "bb1:10t.b", "", [ "$bb" ] ],
    [ "esp:39", "bb1:9t.b", "", [ "$bb" ] ],
    [ "esp:40", "bb1:8t.b", "", [ "$bb" ] ],
    [ "esp:41", "bb1:7t.b", "", [ "$bb" ] ],
    [ "esp:42", "bb1:6t.b", "", [ "$bb" ] ],
    [ "esp:45", "bb1:15t.b", "", [ "$bb" ] ],
    [ "esp:46", "bb1:14b.i", "", [ "$bb" ] ],
    [ "esp:47", "bb1:17t.b", "", [ "$bb" ] ],
    [ "esp:48", "bb1:16t.b", "", [ "$bb" ] ],
    [ "esp:3V3.1", "bb1:1b.i", "", [ "$bb" ] ],
    [ "esp:3V3.2", "bb1:2b.i", "", [ "$bb" ] ],
    [ "esp:RST", "bb1:3b.i", "", [ "$bb" ] ],
    [ "esp:5V", "bb1:21b.i", "", [ "$bb" ] ],
    [ "esp:GND.1", "bb1:22b.i", "", [ "$bb" ] ],
    [ "esp:GND.2", "bb1:1t.b", "", [ "$bb" ] ],
    [ "esp:TX", "bb1:2t.b", "", [ "$bb" ] ],
    [ "esp:RX", "bb1:3t.b", "", [ "$bb" ] ],
    [ "esp:GND.3", "bb1:21t.b", "", [ "$bb" ] ],
    [ "esp:GND.4", "bb1:22t.b", "", [ "$bb" ] ]
  ],
  "dependencies": {}
}